pt,family,spp,spp_id,dist,counts,elev
1,Cisticolidae,Cisticola chubbi,3,3,2,2352
3,Cisticolidae,Apalis personata,1,3,2,2416
5,Cisticolidae,Cisticola chubbi,3,3,2,2479
5,Cisticolidae,Oreolais ruwenzori,4,4,1,2479
7,Cisticolidae,Apalis personata,1,5,1,2554
7,Cisticolidae,Apalis porphyrolaema,2,2,1,2554
7,Cisticolidae,Cisticola chubbi,3,2,2,2554
7,Cisticolidae,Oreolais ruwenzori,4,5,1,2554
8,Cisticolidae,Cisticola chubbi,3,3,2,2373
9,Cisticolidae,Apalis porphyrolaema,2,3,1,2583
9,Cisticolidae,Cisticola chubbi,3,3,2,2583
10,Cisticolidae,Cisticola chubbi,3,4,2,2612
12,Cisticolidae,Cisticola chubbi,3,3,4,2691
13,Cisticolidae,Apalis porphyrolaema,2,3,1,2730
13,Cisticolidae,Cisticola chubbi,3,3,2,2730
13,Cisticolidae,Oreolais ruwenzori,4,5,1,2730
14,Cisticolidae,Apalis porphyrolaema,2,3,1,2720
14,Cisticolidae,Oreolais ruwenzori,4,4,1,2720
15,Cisticolidae,Apalis porphyrolaema,2,4,1,2706
16,Cisticolidae,Apalis personata,1,5,1,2705
16,Cisticolidae,Apalis porphyrolaema,2,3,1,2705
16,Cisticolidae,Cisticola chubbi,3,4,2,2705
16,Cisticolidae,Oreolais ruwenzori,4,4,1,2705
17,Cisticolidae,Apalis porphyrolaema,2,3,1,2676
17,Cisticolidae,Cisticola chubbi,3,1,4,2676
17,Cisticolidae,Oreolais ruwenzori,4,4,1,2676
18,Cisticolidae,Apalis porphyrolaema,2,4,1,2606
18,Cisticolidae,Cisticola chubbi,3,1,2,2606
18,Cisticolidae,Cisticola chubbi,3,3,2,2606
18,Cisticolidae,Oreolais ruwenzori,4,5,1,2606
20,Cisticolidae,Apalis personata,1,1,2,2389
20,Cisticolidae,Oreolais ruwenzori,4,1,2,2389
21,Cisticolidae,Cisticola chubbi,3,3,2,2365
22,Cisticolidae,Cisticola chubbi,3,1,4,2464
23,Cisticolidae,Apalis porphyrolaema,2,2,1,2494
23,Cisticolidae,Cisticola chubbi,3,3,2,2494
24,Cisticolidae,Cisticola chubbi,3,3,2,2532
25,Cisticolidae,Apalis porphyrolaema,2,4,1,2592
25,Cisticolidae,Cisticola chubbi,3,3,4,2592
26,Cisticolidae,Cisticola chubbi,3,4,2,2619
27,Cisticolidae,Apalis porphyrolaema,2,1,1,2689
27,Cisticolidae,Cisticola chubbi,3,1,2,2689
27,Cisticolidae,Oreolais ruwenzori,4,5,1,2689
28,Cisticolidae,Cisticola chubbi,3,3,2,2392
29,Cisticolidae,Apalis porphyrolaema,2,4,1,2694
31,Cisticolidae,Cisticola chubbi,3,4,2,2772
32,Cisticolidae,Apalis porphyrolaema,2,4,1,2812
32,Cisticolidae,Cisticola chubbi,3,3,2,2812
33,Cisticolidae,Cisticola chubbi,3,3,2,2832
35,Cisticolidae,Cisticola chubbi,3,4,4,2876
36,Cisticolidae,Cisticola chubbi,3,2,2,2406
37,Cisticolidae,Cisticola chubbi,3,3,2,2429
38,Cisticolidae,Cisticola chubbi,3,2,2,2726
38,Cisticolidae,Oreolais ruwenzori,4,3,1,2726
40,Cisticolidae,Cisticola chubbi,3,3,2,2900
41,Cisticolidae,Oreolais ruwenzori,4,3,1,2944
42,Cisticolidae,Oreolais ruwenzori,4,3,1,2988
44,Cisticolidae,Apalis porphyrolaema,2,2,1,3025
44,Cisticolidae,Cisticola chubbi,3,3,2,3025
45,Cisticolidae,Apalis personata,1,2,2,2742
45,Cisticolidae,Apalis porphyrolaema,2,3,1,2742
45,Cisticolidae,Cisticola chubbi,3,2,1,2742
51,Cisticolidae,Cisticola chubbi,3,3,2,2778
52,Cisticolidae,Apalis porphyrolaema,2,2,1,2903
53,Cisticolidae,Cisticola chubbi,3,3,2,2294
54,Cisticolidae,Cisticola chubbi,3,3,2,2413
55,Cisticolidae,Oreolais ruwenzori,4,2,1,2446
55,Cisticolidae,Prinia bairdii,5,3,2,2446
56,Cisticolidae,Apalis personata,1,2,2,2482
56,Cisticolidae,Oreolais ruwenzori,4,3,1,2482
57,Cisticolidae,Apalis personata,1,2,1,2528
57,Cisticolidae,Cisticola chubbi,3,3,2,2528
57,Cisticolidae,Oreolais ruwenzori,4,1,1,2528
57,Cisticolidae,Prinia bairdii,5,2,2,2528
58,Cisticolidae,Apalis personata,1,3,2,2597
59,Cisticolidae,Apalis personata,1,3,2,2605
59,Cisticolidae,Cisticola chubbi,3,2,1,2605
60,Cisticolidae,Cisticola chubbi,3,3,2,2326
61,Cisticolidae,Cisticola chubbi,3,4,2,2651
62,Cisticolidae,Apalis personata,1,2,2,2667
62,Cisticolidae,Cisticola chubbi,3,3,2,2667
63,Cisticolidae,Oreolais ruwenzori,4,2,1,2723
64,Cisticolidae,Cisticola chubbi,3,2,2,2736
64,Cisticolidae,Oreolais ruwenzori,4,3,1,2736
65,Cisticolidae,Apalis personata,1,2,1,2762
65,Cisticolidae,Apalis porphyrolaema,2,2,1,2762
65,Cisticolidae,Oreolais ruwenzori,4,1,1,2762
66,Cisticolidae,Apalis porphyrolaema,2,2,1,2775
66,Cisticolidae,Cisticola chubbi,3,1,2,2775
67,Cisticolidae,Apalis porphyrolaema,2,3,2,2818
67,Cisticolidae,Cisticola chubbi,3,3,2,2818
68,Cisticolidae,Cisticola chubbi,3,3,2,2362
69,Cisticolidae,Cisticola chubbi,3,2,2,2381
70,Cisticolidae,Cisticola chubbi,3,1,2,2836
71,Cisticolidae,Cisticola chubbi,3,3,2,3038
77,Cisticolidae,Cisticola chubbi,3,2,2,2834
87,Cisticolidae,Apalis porphyrolaema,2,3,1,3230
87,Cisticolidae,Cisticola chubbi,3,4,2,3230
88,Cisticolidae,Apalis porphyrolaema,2,3,1,2827
89,Cisticolidae,Cisticola chubbi,3,3,2,2914
90,Cisticolidae,Apalis porphyrolaema,2,3,2,3026
91,Cisticolidae,Apalis porphyrolaema,2,3,2,3140
92,Cisticolidae,Apalis porphyrolaema,2,3,1,3264
94,Cisticolidae,Apalis personata,1,1,2,2890
94,Cisticolidae,Apalis porphyrolaema,2,3,1,2890
96,Cisticolidae,Cisticola chubbi,3,3,2,2787
97,Cisticolidae,Oreolais ruwenzori,4,2,1,2838
98,Cisticolidae,Cisticola chubbi,3,3,2,2595
98,Cisticolidae,Oreolais ruwenzori,4,4,1,2595
99,Cisticolidae,Oreolais ruwenzori,4,3,1,2550
99,Cisticolidae,Prinia bairdii,5,3,1,2550
100,Cisticolidae,Apalis personata,1,1,3,2495
100,Cisticolidae,Apalis porphyrolaema,2,2,2,2495
100,Cisticolidae,Cisticola chubbi,3,3,2,2495
100,Cisticolidae,Oreolais ruwenzori,4,2,1,2495
102,Cisticolidae,Apalis porphyrolaema,2,1,1,2417
102,Cisticolidae,Oreolais ruwenzori,4,1,1,2417
103,Cisticolidae,Apalis porphyrolaema,2,2,1,2397
103,Cisticolidae,Cisticola chubbi,3,2,2,2397
104,Cisticolidae,Apalis personata,1,3,1,2726
104,Cisticolidae,Cisticola chubbi,3,2,2,2726
105,Cisticolidae,Oreolais ruwenzori,4,4,1,2387
105,Cisticolidae,Prinia bairdii,5,2,2,2387
106,Cisticolidae,Oreolais ruwenzori,4,4,1,2371
106,Cisticolidae,Prinia bairdii,5,3,2,2371
107,Cisticolidae,Apalis porphyrolaema,2,2,2,2359
107,Cisticolidae,Oreolais ruwenzori,4,3,1,2359
108,Cisticolidae,Cisticola chubbi,3,2,2,2309
108,Cisticolidae,Prinia bairdii,5,2,2,2309
109,Cisticolidae,Oreolais ruwenzori,4,3,1,2280
109,Cisticolidae,Prinia bairdii,5,3,1,2280
110,Cisticolidae,Cisticola chubbi,3,3,2,2274
110,Cisticolidae,Prinia bairdii,5,3,2,2274
111,Cisticolidae,Apalis personata,1,2,2,2246
111,Cisticolidae,Cisticola chubbi,3,3,2,2246
112,Cisticolidae,Apalis personata,1,2,1,2690
112,Cisticolidae,Cisticola chubbi,3,2,2,2690
112,Cisticolidae,Cisticola chubbi,3,4,2,2690
113,Cisticolidae,Oreolais ruwenzori,4,3,1,2657
114,Cisticolidae,Oreolais ruwenzori,4,2,1,2237
115,Cisticolidae,Cisticola chubbi,3,4,2,2329
115,Cisticolidae,Prinia bairdii,5,4,2,2329
117,Cisticolidae,Cisticola chubbi,3,4,2,2391
117,Cisticolidae,Oreolais ruwenzori,4,3,1,2391
118,Cisticolidae,Cisticola chubbi,3,2,2,2432
118,Cisticolidae,Oreolais ruwenzori,4,1,2,2432
119,Cisticolidae,Cisticola chubbi,3,3,2,2478
119,Cisticolidae,Cisticola chubbi,3,4,2,2478
119,Cisticolidae,Oreolais ruwenzori,4,3,2,2478
119,Cisticolidae,Prinia bairdii,5,3,2,2478
120,Cisticolidae,Cisticola chubbi,3,3,2,2513
120,Cisticolidae,Oreolais ruwenzori,4,4,1,2513
121,Cisticolidae,Apalis personata,1,2,2,2267
121,Cisticolidae,Cisticola chubbi,3,2,2,2267
121,Cisticolidae,Oreolais ruwenzori,4,2,1,2267
122,Cisticolidae,Cisticola chubbi,3,2,2,2585
122,Cisticolidae,Cisticola chubbi,3,4,2,2585
122,Cisticolidae,Oreolais ruwenzori,4,3,2,2585
123,Cisticolidae,Cisticola chubbi,3,2,2,2678
123,Cisticolidae,Oreolais ruwenzori,4,1,2,2678
123,Cisticolidae,Prinia bairdii,5,2,2,2678
124,Cisticolidae,Cisticola chubbi,3,4,2,2778
126,Cisticolidae,Apalis personata,1,2,2,2284
126,Cisticolidae,Cisticola chubbi,3,2,2,2284
126,Cisticolidae,Cisticola chubbi,3,4,2,2284
126,Cisticolidae,Oreolais ruwenzori,4,2,2,2284
127,Cisticolidae,Apalis personata,1,3,2,2287
127,Cisticolidae,Cisticola chubbi,3,3,2,2287
128,Cisticolidae,Apalis personata,1,2,2,2107
128,Cisticolidae,Cisticola chubbi,3,3,2,2107
128,Cisticolidae,Oreolais ruwenzori,4,3,1,2107
130,Cisticolidae,Prinia bairdii,5,3,2,2200
131,Cisticolidae,Cisticola chubbi,3,2,2,2180
131,Cisticolidae,Prinia bairdii,5,4,1,2180
132,Cisticolidae,Oreolais ruwenzori,4,2,1,2161
133,Cisticolidae,Oreolais ruwenzori,4,2,2,2134
134,Cisticolidae,Oreolais ruwenzori,4,2,1,2092
135,Cisticolidae,Oreolais ruwenzori,4,1,1,2095
135,Cisticolidae,Prinia bairdii,5,2,2,2095
136,Cisticolidae,Prinia bairdii,5,1,1,2100
137,Cisticolidae,Oreolais ruwenzori,4,2,1,2100
137,Cisticolidae,Prinia bairdii,5,4,2,2100
138,Cisticolidae,Oreolais ruwenzori,4,2,1,2021
138,Cisticolidae,Prinia bairdii,5,3,1,2021
139,Cisticolidae,Prinia bairdii,5,3,2,2016
140,Cisticolidae,Oreolais ruwenzori,4,3,1,1993
141,Cisticolidae,Cisticola chubbi,3,3,2,1998
141,Cisticolidae,Oreolais ruwenzori,4,2,1,1998
142,Cisticolidae,Oreolais ruwenzori,4,2,1,2173
142,Cisticolidae,Prinia bairdii,5,4,2,2173
143,Cisticolidae,Apalis personata,1,2,2,2199
143,Cisticolidae,Oreolais ruwenzori,4,2,2,2199
143,Cisticolidae,Prinia bairdii,5,1,2,2199
144,Cisticolidae,Cisticola chubbi,3,3,2,2237
144,Cisticolidae,Oreolais ruwenzori,4,3,1,2237
145,Cisticolidae,Apalis porphyrolaema,2,3,1,2412
145,Cisticolidae,Cisticola chubbi,3,3,2,2412
146,Cisticolidae,Cisticola chubbi,3,3,2,2460
149,Cisticolidae,Apalis personata,1,2,2,2637
149,Cisticolidae,Cisticola chubbi,3,2,2,2637
149,Cisticolidae,Oreolais ruwenzori,4,2,1,2637
150,Cisticolidae,Cisticola chubbi,3,4,2,2708
151,Cisticolidae,Cisticola chubbi,3,4,2,2294
151,Cisticolidae,Oreolais ruwenzori,4,2,1,2294
152,Cisticolidae,Apalis personata,1,2,3,2780
152,Cisticolidae,Apalis porphyrolaema,2,3,2,2780
152,Cisticolidae,Cisticola chubbi,3,3,2,2780
153,Cisticolidae,Apalis porphyrolaema,2,3,2,2849
153,Cisticolidae,Cisticola chubbi,3,4,2,2849
154,Cisticolidae,Apalis porphyrolaema,2,3,2,2935
154,Cisticolidae,Cisticola chubbi,3,4,2,2935
154,Cisticolidae,Oreolais ruwenzori,4,3,1,2935
156,Cisticolidae,Cisticola chubbi,3,2,2,2332
156,Cisticolidae,Cisticola chubbi,3,4,2,2332
156,Cisticolidae,Oreolais ruwenzori,4,3,1,2332
156,Cisticolidae,Prinia bairdii,5,2,1,2332
157,Cisticolidae,Cisticola chubbi,3,4,2,2377
157,Cisticolidae,Oreolais ruwenzori,4,2,2,2377
158,Cisticolidae,Cisticola chubbi,3,2,2,2232
159,Cisticolidae,Cisticola chubbi,3,3,2,2439
159,Cisticolidae,Oreolais ruwenzori,4,3,1,2439
160,Cisticolidae,Apalis personata,1,2,2,2469
161,Cisticolidae,Cisticola chubbi,3,3,2,2507
161,Cisticolidae,Oreolais ruwenzori,4,4,1,2507
162,Cisticolidae,Apalis personata,1,2,2,2550
162,Cisticolidae,Oreolais ruwenzori,4,1,1,2550
163,Cisticolidae,Cisticola chubbi,3,3,2,2603
164,Cisticolidae,Apalis personata,1,3,2,2638
164,Cisticolidae,Cisticola chubbi,3,3,2,2638
164,Cisticolidae,Cisticola chubbi,3,4,2,2638
165,Cisticolidae,Cisticola chubbi,3,2,2,2306
165,Cisticolidae,Cisticola chubbi,3,3,2,2306
165,Cisticolidae,Oreolais ruwenzori,4,3,2,2306
166,Cisticolidae,Apalis personata,1,3,2,2720
166,Cisticolidae,Cisticola chubbi,3,4,2,2720
166,Cisticolidae,Oreolais ruwenzori,4,4,1,2720
167,Cisticolidae,Apalis personata,1,2,2,2758
167,Cisticolidae,Apalis porphyrolaema,2,3,1,2758
167,Cisticolidae,Oreolais ruwenzori,4,1,2,2758
167,Cisticolidae,Oreolais ruwenzori,4,3,1,2758
168,Cisticolidae,Apalis personata,1,1,2,2860
168,Cisticolidae,Apalis porphyrolaema,2,1,2,2860
168,Cisticolidae,Cisticola chubbi,3,2,2,2860
168,Cisticolidae,Oreolais ruwenzori,4,1,2,2860
169,Cisticolidae,Apalis porphyrolaema,2,3,1,2339
169,Cisticolidae,Cisticola chubbi,3,2,2,2339
170,Cisticolidae,Apalis personata,1,2,3,2414
170,Cisticolidae,Cisticola chubbi,3,3,2,2414
171,Cisticolidae,Cisticola chubbi,3,3,2,2152
172,Cisticolidae,Cisticola chubbi,3,2,2,2228
172,Cisticolidae,Oreolais ruwenzori,4,2,2,2228
173,Cisticolidae,Apalis personata,1,2,2,2230
173,Cisticolidae,Cisticola chubbi,3,4,2,2230
175,Cisticolidae,Oreolais ruwenzori,4,2,2,2290
176,Cisticolidae,Cisticola chubbi,3,4,2,2350
177,Cisticolidae,Oreolais ruwenzori,4,2,1,2386
178,Cisticolidae,Apalis personata,1,2,2,2167
178,Cisticolidae,Apalis porphyrolaema,2,3,1,2167
178,Cisticolidae,Prinia bairdii,5,3,3,2167
179,Cisticolidae,Apalis porphyrolaema,2,2,2,2410
179,Cisticolidae,Cisticola chubbi,3,2,2,2410
179,Cisticolidae,Cisticola chubbi,3,4,2,2410
179,Cisticolidae,Oreolais ruwenzori,4,3,1,2410
179,Cisticolidae,Prinia bairdii,5,3,2,2410
180,Cisticolidae,Apalis porphyrolaema,2,3,1,2417
180,Cisticolidae,Oreolais ruwenzori,4,2,1,2417
181,Cisticolidae,Apalis personata,1,1,2,2425
181,Cisticolidae,Oreolais ruwenzori,4,3,1,2425
182,Cisticolidae,Apalis porphyrolaema,2,2,2,2459
182,Cisticolidae,Oreolais ruwenzori,4,3,1,2459
183,Cisticolidae,Apalis porphyrolaema,2,3,1,2460
183,Cisticolidae,Cisticola chubbi,3,2,2,2460
184,Cisticolidae,Apalis porphyrolaema,2,1,2,2479
185,Cisticolidae,Apalis personata,1,2,2,2482
185,Cisticolidae,Apalis porphyrolaema,2,1,2,2482
186,Cisticolidae,Cisticola chubbi,3,3,2,2188
186,Cisticolidae,Prinia bairdii,5,3,1,2188
187,Cisticolidae,Apalis personata,1,2,2,2213
187,Cisticolidae,Apalis porphyrolaema,2,2,2,2213
187,Cisticolidae,Cisticola chubbi,3,3,2,2213
187,Cisticolidae,Prinia bairdii,5,2,2,2213
188,Cisticolidae,Cisticola chubbi,3,2,2,2138
188,Cisticolidae,Oreolais ruwenzori,4,1,1,2138
188,Cisticolidae,Oreolais ruwenzori,4,2,2,2138
189,Cisticolidae,Apalis porphyrolaema,2,3,2,2230
189,Cisticolidae,Cisticola chubbi,3,1,2,2230
189,Cisticolidae,Oreolais ruwenzori,4,2,1,2230
189,Cisticolidae,Prinia bairdii,5,1,3,2230
190,Cisticolidae,Apalis porphyrolaema,2,2,2,2271
190,Cisticolidae,Cisticola chubbi,3,2,2,2271
190,Cisticolidae,Prinia bairdii,5,2,3,2271
191,Cisticolidae,Cisticola chubbi,3,3,2,2276
192,Cisticolidae,Cisticola chubbi,3,4,2,2301
192,Cisticolidae,Oreolais ruwenzori,4,3,1,2301
193,Cisticolidae,Cisticola chubbi,3,4,2,2305
193,Cisticolidae,Prinia bairdii,5,1,2,2305
195,Cisticolidae,Oreolais ruwenzori,4,2,2,2180
198,Cisticolidae,Apalis porphyrolaema,2,3,1,2329
198,Cisticolidae,Oreolais ruwenzori,4,3,1,2329
200,Cisticolidae,Oreolais ruwenzori,4,2,1,2346
201,Cisticolidae,Oreolais ruwenzori,4,2,1,2343
203,Cisticolidae,Apalis porphyrolaema,2,2,2,2184
203,Cisticolidae,Oreolais ruwenzori,4,2,2,2184
204,Cisticolidae,Apalis porphyrolaema,2,3,2,2206
204,Cisticolidae,Cisticola chubbi,3,1,2,2206
204,Cisticolidae,Oreolais ruwenzori,4,1,2,2206
204,Cisticolidae,Prinia bairdii,5,1,2,2206
205,Cisticolidae,Cisticola chubbi,3,2,2,2106
205,Cisticolidae,Cisticola chubbi,3,4,2,2106
205,Cisticolidae,Oreolais ruwenzori,4,2,1,2106
206,Cisticolidae,Apalis porphyrolaema,2,2,2,2226
206,Cisticolidae,Cisticola chubbi,3,4,2,2226
206,Cisticolidae,Oreolais ruwenzori,4,2,2,2226
207,Cisticolidae,Apalis porphyrolaema,2,2,1,2226
207,Cisticolidae,Cisticola chubbi,3,2,2,2226
207,Cisticolidae,Oreolais ruwenzori,4,1,2,2226
207,Cisticolidae,Prinia bairdii,5,2,2,2226
208,Cisticolidae,Prinia bairdii,5,3,2,2250
209,Cisticolidae,Cisticola chubbi,3,3,2,2285
209,Cisticolidae,Oreolais ruwenzori,4,2,1,2285
209,Cisticolidae,Prinia bairdii,5,2,2,2285
210,Cisticolidae,Apalis porphyrolaema,2,3,2,2304
210,Cisticolidae,Cisticola chubbi,3,3,2,2304
210,Cisticolidae,Oreolais ruwenzori,4,1,1,2304
210,Cisticolidae,Prinia bairdii,5,2,1,2304
211,Cisticolidae,Cisticola chubbi,3,3,2,2319
211,Cisticolidae,Oreolais ruwenzori,4,2,2,2319
212,Cisticolidae,Apalis porphyrolaema,2,3,1,2332
212,Cisticolidae,Oreolais ruwenzori,4,3,1,2332
213,Cisticolidae,Apalis porphyrolaema,2,3,1,2359
213,Cisticolidae,Cisticola chubbi,3,3,2,2359
214,Cisticolidae,Apalis personata,1,2,2,2352
214,Cisticolidae,Cisticola chubbi,3,3,2,2352
215,Cisticolidae,Cisticola chubbi,3,3,2,2364
217,Cisticolidae,Apalis porphyrolaema,2,2,1,2380
217,Cisticolidae,Oreolais ruwenzori,4,2,1,2380
218,Cisticolidae,Cisticola chubbi,3,3,2,2385
219,Cisticolidae,Apalis porphyrolaema,2,1,2,2178
219,Cisticolidae,Oreolais ruwenzori,4,3,1,2178
219,Cisticolidae,Prinia bairdii,5,3,2,2178
220,Cisticolidae,Apalis porphyrolaema,2,2,1,2200
221,Cisticolidae,Apalis personata,1,2,2,2175
221,Cisticolidae,Apalis porphyrolaema,2,3,1,2175
221,Cisticolidae,Cisticola chubbi,3,2,2,2175
221,Cisticolidae,Oreolais ruwenzori,4,1,2,2175
222,Cisticolidae,Cisticola chubbi,3,2,2,2229
222,Cisticolidae,Oreolais ruwenzori,4,3,1,2229
223,Cisticolidae,Apalis porphyrolaema,2,3,1,2238
223,Cisticolidae,Cisticola chubbi,3,4,2,2238
224,Cisticolidae,Apalis porphyrolaema,2,2,2,2235
224,Cisticolidae,Oreolais ruwenzori,4,2,2,2235
225,Cisticolidae,Cisticola chubbi,3,2,2,2271
226,Cisticolidae,Cisticola chubbi,3,4,2,2297
227,Cisticolidae,Cisticola chubbi,3,2,2,2315
228,Cisticolidae,Cisticola chubbi,3,3,2,2182
228,Cisticolidae,Oreolais ruwenzori,4,2,2,2182
229,Cisticolidae,Cisticola chubbi,3,2,2,2324
230,Cisticolidae,Cisticola chubbi,3,4,2,2343
231,Cisticolidae,Cisticola chubbi,3,3,2,2344
231,Cisticolidae,Oreolais ruwenzori,4,3,1,2344
232,Cisticolidae,Cisticola chubbi,3,2,2,2356
232,Cisticolidae,Oreolais ruwenzori,4,1,2,2356
233,Cisticolidae,Cisticola chubbi,3,4,2,2379
234,Cisticolidae,Cisticola chubbi,3,3,2,2395
234,Cisticolidae,Prinia bairdii,5,2,2,2395
235,Cisticolidae,Cisticola chubbi,3,3,2,2396
235,Cisticolidae,Oreolais ruwenzori,4,3,1,2396
236,Cisticolidae,Apalis porphyrolaema,2,3,1,2181
236,Cisticolidae,Cisticola chubbi,3,3,2,2181
236,Cisticolidae,Oreolais ruwenzori,4,1,1,2181
237,Cisticolidae,Cisticola chubbi,3,4,2,2209
237,Cisticolidae,Oreolais ruwenzori,4,2,1,2209
238,Cisticolidae,Oreolais ruwenzori,4,3,1,2159
239,Cisticolidae,Prinia bairdii,5,2,2,2221
240,Cisticolidae,Apalis personata,1,4,2,2237
240,Cisticolidae,Apalis porphyrolaema,2,4,1,2237
240,Cisticolidae,Cisticola chubbi,3,2,2,2237
240,Cisticolidae,Oreolais ruwenzori,4,4,1,2237
241,Cisticolidae,Apalis personata,1,2,1,2250
242,Cisticolidae,Apalis personata,1,2,1,2272
242,Cisticolidae,Cisticola chubbi,3,4,2,2272
243,Cisticolidae,Apalis personata,1,3,2,2289
243,Cisticolidae,Oreolais ruwenzori,4,3,1,2289
244,Cisticolidae,Apalis porphyrolaema,2,4,1,2302
244,Cisticolidae,Cisticola chubbi,3,2,2,2302
244,Cisticolidae,Oreolais ruwenzori,4,3,1,2302
245,Cisticolidae,Prinia bairdii,5,2,1,2188
246,Cisticolidae,Apalis personata,1,4,1,2318
246,Cisticolidae,Apalis porphyrolaema,2,4,1,2318
246,Cisticolidae,Cisticola chubbi,3,3,2,2318
247,Cisticolidae,Cisticola chubbi,3,3,2,2331
247,Cisticolidae,Oreolais ruwenzori,4,4,1,2331
249,Cisticolidae,Apalis porphyrolaema,2,4,1,2366
249,Cisticolidae,Oreolais ruwenzori,4,3,1,2366
250,Cisticolidae,Apalis porphyrolaema,2,3,2,2395
250,Cisticolidae,Cisticola chubbi,3,1,2,2395
250,Cisticolidae,Oreolais ruwenzori,4,2,2,2395
251,Cisticolidae,Cisticola chubbi,3,4,2,2397
251,Cisticolidae,Oreolais ruwenzori,4,4,1,2397
252,Cisticolidae,Oreolais ruwenzori,4,3,1,2397
253,Cisticolidae,Apalis personata,1,3,2,2189
253,Cisticolidae,Apalis porphyrolaema,2,2,2,2189
253,Cisticolidae,Oreolais ruwenzori,4,3,2,2189
254,Cisticolidae,Oreolais ruwenzori,4,1,2,2209
254,Cisticolidae,Prinia bairdii,5,2,2,2209
255,Cisticolidae,Cisticola chubbi,3,2,2,2243
256,Cisticolidae,Cisticola chubbi,3,2,2,2269
258,Cisticolidae,Cisticola chubbi,3,3,2,2285
258,Cisticolidae,Oreolais ruwenzori,4,1,1,2285
260,Cisticolidae,Apalis personata,1,1,2,2302
260,Cisticolidae,Oreolais ruwenzori,4,4,1,2302
261,Cisticolidae,Apalis porphyrolaema,2,1,1,2297
261,Cisticolidae,Cisticola chubbi,3,3,2,2297
261,Cisticolidae,Oreolais ruwenzori,4,3,1,2297
263,Cisticolidae,Apalis porphyrolaema,2,2,2,2294
263,Cisticolidae,Cisticola chubbi,3,4,2,2294
263,Cisticolidae,Oreolais ruwenzori,4,3,1,2294
264,Cisticolidae,Oreolais ruwenzori,4,2,1,2298
265,Cisticolidae,Apalis porphyrolaema,2,2,2,2309
265,Cisticolidae,Cisticola chubbi,3,1,2,2309
266,Cisticolidae,Cisticola chubbi,3,3,2,2322
266,Cisticolidae,Oreolais ruwenzori,4,2,2,2322
269,Cisticolidae,Cisticola chubbi,3,2,2,2264
270,Cisticolidae,Prinia bairdii,5,3,1,2274
271,Cisticolidae,Cisticola chubbi,3,3,2,2300
271,Cisticolidae,Oreolais ruwenzori,4,3,1,2300
272,Cisticolidae,Apalis porphyrolaema,2,2,1,2310
272,Cisticolidae,Prinia bairdii,5,3,1,2310
273,Cisticolidae,Apalis porphyrolaema,2,2,1,2317
273,Cisticolidae,Cisticola chubbi,3,2,2,2317
273,Cisticolidae,Cisticola chubbi,3,3,2,2317
274,Cisticolidae,Apalis porphyrolaema,2,2,1,2318
274,Cisticolidae,Cisticola chubbi,3,3,2,2318
274,Cisticolidae,Oreolais ruwenzori,4,1,1,2318
274,Cisticolidae,Oreolais ruwenzori,4,3,1,2318
275,Cisticolidae,Apalis personata,1,3,2,2310
275,Cisticolidae,Apalis porphyrolaema,2,3,2,2310
276,Cisticolidae,Apalis porphyrolaema,2,3,2,2297
277,Cisticolidae,Apalis porphyrolaema,2,2,1,2275
277,Cisticolidae,Cisticola chubbi,3,3,2,2275
278,Cisticolidae,Cisticola chubbi,3,3,2,2334
278,Cisticolidae,Oreolais ruwenzori,4,1,1,2334
281,Cisticolidae,Apalis porphyrolaema,2,2,1,2359
281,Cisticolidae,Cisticola chubbi,3,1,2,2359
282,Cisticolidae,Apalis porphyrolaema,2,2,1,2351
283,Cisticolidae,Cisticola chubbi,3,2,2,2354
285,Cisticolidae,Cisticola chubbi,3,2,2,2287
285,Cisticolidae,Oreolais ruwenzori,4,2,2,2287
286,Cisticolidae,Cisticola chubbi,3,4,2,2287
287,Cisticolidae,Cisticola chubbi,3,3,2,2135
288,Cisticolidae,Apalis personata,1,3,2,2236
288,Cisticolidae,Apalis porphyrolaema,2,2,1,2236
288,Cisticolidae,Cisticola chubbi,3,4,2,2236
288,Cisticolidae,Oreolais ruwenzori,4,2,1,2236
288,Cisticolidae,Prinia bairdii,5,4,2,2236
289,Cisticolidae,Apalis porphyrolaema,2,3,1,2250
289,Cisticolidae,Cisticola chubbi,3,3,2,2250
289,Cisticolidae,Prinia bairdii,5,2,2,2250
289,Cisticolidae,Prinia bairdii,5,4,1,2250
290,Cisticolidae,Apalis porphyrolaema,2,2,2,2301
290,Cisticolidae,Oreolais ruwenzori,4,3,1,2301
291,Cisticolidae,Cisticola chubbi,3,3,2,2309
292,Cisticolidae,Apalis porphyrolaema,2,3,2,2359
293,Cisticolidae,Cisticola chubbi,3,3,2,2410
294,Cisticolidae,Prinia bairdii,5,3,1,2147
295,Cisticolidae,Cisticola chubbi,3,3,2,2445
296,Cisticolidae,Cisticola chubbi,3,3,2,2487
297,Cisticolidae,Apalis porphyrolaema,2,2,2,2521
297,Cisticolidae,Cisticola chubbi,3,3,2,2521
300,Cisticolidae,Oreolais ruwenzori,4,3,1,2553
301,Cisticolidae,Apalis porphyrolaema,2,3,1,2609
301,Cisticolidae,Cisticola chubbi,3,3,2,2609
302,Cisticolidae,Oreolais ruwenzori,4,1,2,2196
302,Cisticolidae,Prinia bairdii,5,3,1,2196
306,Cisticolidae,Apalis porphyrolaema,2,1,2,3103
312,Cisticolidae,Apalis porphyrolaema,2,3,1,2819
328,Cisticolidae,Oreolais ruwenzori,4,3,1,3085
329,Cisticolidae,Oreolais ruwenzori,4,3,1,3137
342,Cisticolidae,Cisticola chubbi,3,2,2,3234
349,Cisticolidae,Cisticola chubbi,3,4,2,3090
356,Cisticolidae,Cisticola chubbi,3,4,2,3117
357,Cisticolidae,Cisticola chubbi,3,3,2,3122
359,Cisticolidae,Apalis personata,1,3,2,2700
359,Cisticolidae,Cisticola chubbi,3,4,4,2700
359,Cisticolidae,Oreolais ruwenzori,4,3,1,2700
360,Cisticolidae,Cisticola chubbi,3,2,4,2857
362,Cisticolidae,Apalis porphyrolaema,2,2,1,2945
362,Cisticolidae,Cisticola chubbi,3,2,2,2945
364,Cisticolidae,Cisticola chubbi,3,4,2,2995
365,Cisticolidae,Cisticola chubbi,3,3,2,3043
366,Cisticolidae,Apalis personata,1,3,1,2770
366,Cisticolidae,Cisticola chubbi,3,2,2,2770
367,Cisticolidae,Apalis porphyrolaema,2,3,1,3058
367,Cisticolidae,Cisticola chubbi,3,3,2,3058
375,Cisticolidae,Apalis personata,1,2,1,2777
375,Cisticolidae,Apalis porphyrolaema,2,2,1,2777
375,Cisticolidae,Oreolais ruwenzori,4,3,1,2777
376,Cisticolidae,Apalis porphyrolaema,2,3,1,2823
376,Cisticolidae,Cisticola chubbi,3,4,2,2823
377,Cisticolidae,Cisticola chubbi,3,5,2,3066
381,Cisticolidae,Cisticola chubbi,3,3,4,3145
382,Cisticolidae,Cisticola chubbi,3,3,2,3217
384,Cisticolidae,Apalis porphyrolaema,2,2,1,2825
391,Cisticolidae,Apalis porphyrolaema,2,2,1,2874
393,Cisticolidae,Apalis porphyrolaema,2,3,1,3139
394,Cisticolidae,Apalis porphyrolaema,2,3,1,3171
397,Cisticolidae,Cisticola chubbi,3,3,2,2924
399,Cisticolidae,Cisticola chubbi,3,2,2,2743
401,Cisticolidae,Apalis porphyrolaema,2,2,1,2896
403,Cisticolidae,Apalis porphyrolaema,2,2,1,2924
403,Cisticolidae,Cisticola chubbi,3,4,2,2924
405,Cisticolidae,Apalis porphyrolaema,2,4,1,3029
406,Cisticolidae,Apalis personata,1,3,2,2784
406,Cisticolidae,Apalis porphyrolaema,2,2,1,2784
406,Cisticolidae,Cisticola chubbi,3,3,2,2784
407,Cisticolidae,Apalis porphyrolaema,2,3,1,3022
408,Cisticolidae,Cisticola chubbi,3,3,4,2969
409,Cisticolidae,Apalis porphyrolaema,2,2,1,2907
409,Cisticolidae,Cisticola chubbi,3,3,2,2907
410,Cisticolidae,Apalis porphyrolaema,2,2,1,2844
411,Cisticolidae,Apalis porphyrolaema,2,3,1,2843
411,Cisticolidae,Oreolais ruwenzori,4,4,1,2843
412,Cisticolidae,Apalis porphyrolaema,2,2,1,2764
412,Cisticolidae,Cisticola chubbi,3,3,2,2764
413,Cisticolidae,Cisticola chubbi,3,2,2,2929
414,Cisticolidae,Cisticola chubbi,3,4,2,2970
416,Cisticolidae,Cisticola chubbi,3,3,2,2595
417,Cisticolidae,Cisticola chubbi,3,3,2,2611
418,Cisticolidae,Cisticola chubbi,3,4,2,2626
419,Cisticolidae,Cisticola chubbi,3,3,2,2650
420,Cisticolidae,Cisticola chubbi,3,3,2,2671
422,Cisticolidae,Cisticola chubbi,3,4,2,2546
423,Cisticolidae,Apalis personata,1,2,1,2593
424,Cisticolidae,Cisticola chubbi,3,3,2,2613
424,Cisticolidae,Oreolais ruwenzori,4,3,1,2613
425,Cisticolidae,Cisticola chubbi,3,4,1,2629
425,Cisticolidae,Oreolais ruwenzori,4,3,1,2629
426,Cisticolidae,Oreolais ruwenzori,4,1,1,2641
427,Cisticolidae,Apalis porphyrolaema,2,4,1,2681
427,Cisticolidae,Cisticola chubbi,3,2,1,2681
428,Cisticolidae,Cisticola chubbi,3,2,2,2705
429,Cisticolidae,Cisticola chubbi,3,3,2,2712
429,Cisticolidae,Oreolais ruwenzori,4,3,1,2712
430,Cisticolidae,Cisticola chubbi,3,2,2,2559
431,Cisticolidae,Cisticola chubbi,3,3,2,2577
432,Cisticolidae,Cisticola chubbi,3,3,2,2580
433,Cisticolidae,Cisticola chubbi,3,3,2,2628
433,Cisticolidae,Oreolais ruwenzori,4,3,1,2628
434,Cisticolidae,Cisticola chubbi,3,3,2,2626
435,Cisticolidae,Oreolais ruwenzori,4,1,2,2627
436,Cisticolidae,Apalis porphyrolaema,2,2,1,2626
436,Cisticolidae,Cisticola chubbi,3,1,2,2626
436,Cisticolidae,Oreolais ruwenzori,4,3,1,2626
437,Cisticolidae,Cisticola chubbi,3,3,1,2626
437,Cisticolidae,Oreolais ruwenzori,4,3,1,2626
438,Cisticolidae,Apalis personata,1,3,2,2597
438,Cisticolidae,Apalis porphyrolaema,2,3,1,2597
438,Cisticolidae,Cisticola chubbi,3,3,2,2597
438,Cisticolidae,Oreolais ruwenzori,4,2,2,2597
439,Cisticolidae,Apalis personata,1,3,1,2608
439,Cisticolidae,Apalis porphyrolaema,2,3,1,2608
439,Cisticolidae,Cisticola chubbi,3,4,2,2608
440,Cisticolidae,Cisticola chubbi,3,3,2,2557
440,Cisticolidae,Oreolais ruwenzori,4,3,2,2557
442,Cisticolidae,Apalis porphyrolaema,2,2,1,2551
442,Cisticolidae,Cisticola chubbi,3,2,2,2551
443,Cisticolidae,Cisticola chubbi,3,3,2,2620
443,Cisticolidae,Oreolais ruwenzori,4,3,2,2620
444,Cisticolidae,Apalis personata,1,2,1,2609
444,Cisticolidae,Oreolais ruwenzori,4,2,1,2609
445,Cisticolidae,Cisticola chubbi,3,2,2,2650
446,Cisticolidae,Apalis porphyrolaema,2,4,1,2674
446,Cisticolidae,Cisticola chubbi,3,4,2,2674
446,Cisticolidae,Oreolais ruwenzori,4,5,1,2674
447,Cisticolidae,Cisticola chubbi,3,3,2,2667
447,Cisticolidae,Oreolais ruwenzori,4,2,1,2667
448,Cisticolidae,Cisticola chubbi,3,3,2,2661
449,Cisticolidae,Cisticola chubbi,3,4,2,2670
449,Cisticolidae,Oreolais ruwenzori,4,4,1,2670
450,Cisticolidae,Cisticola chubbi,3,4,2,2649
450,Cisticolidae,Oreolais ruwenzori,4,5,1,2649
451,Cisticolidae,Apalis porphyrolaema,2,3,1,2637
451,Cisticolidae,Cisticola chubbi,3,4,2,2637
451,Cisticolidae,Oreolais ruwenzori,4,4,1,2637
453,Cisticolidae,Cisticola chubbi,3,4,2,2669
453,Cisticolidae,Oreolais ruwenzori,4,4,1,2669
454,Cisticolidae,Apalis porphyrolaema,2,4,1,2633
454,Cisticolidae,Cisticola chubbi,3,1,2,2633
455,Cisticolidae,Apalis personata,1,3,1,2626
455,Cisticolidae,Apalis porphyrolaema,2,2,1,2626
455,Cisticolidae,Oreolais ruwenzori,4,4,1,2626
456,Cisticolidae,Oreolais ruwenzori,4,4,1,2619
459,Cisticolidae,Apalis porphyrolaema,2,3,1,2661
459,Cisticolidae,Cisticola chubbi,3,3,2,2661
461,Cisticolidae,Oreolais ruwenzori,4,3,1,2511
462,Cisticolidae,Apalis porphyrolaema,2,3,1,2545
462,Cisticolidae,Cisticola chubbi,3,1,2,2545
462,Cisticolidae,Oreolais ruwenzori,4,5,1,2545
463,Cisticolidae,Apalis porphyrolaema,2,4,1,2561
463,Cisticolidae,Cisticola chubbi,3,3,2,2561
465,Cisticolidae,Apalis porphyrolaema,2,3,1,2606
465,Cisticolidae,Oreolais ruwenzori,4,5,1,2606
466,Cisticolidae,Apalis porphyrolaema,2,4,1,2623
467,Cisticolidae,Cisticola chubbi,3,3,2,2441
468,Cisticolidae,Apalis porphyrolaema,2,3,1,2625
468,Cisticolidae,Oreolais ruwenzori,4,2,1,2625
469,Cisticolidae,Apalis personata,1,3,2,2622
469,Cisticolidae,Apalis porphyrolaema,2,2,1,2622
469,Cisticolidae,Cisticola chubbi,3,2,2,2622
470,Cisticolidae,Apalis porphyrolaema,2,4,1,2677
470,Cisticolidae,Cisticola chubbi,3,3,2,2677
470,Cisticolidae,Oreolais ruwenzori,4,5,2,2677
471,Cisticolidae,Cisticola chubbi,3,3,2,2611
471,Cisticolidae,Oreolais ruwenzori,4,3,1,2611
472,Cisticolidae,Cisticola chubbi,3,4,2,2608
472,Cisticolidae,Oreolais ruwenzori,4,5,1,2608
473,Cisticolidae,Apalis porphyrolaema,2,3,1,2470
476,Cisticolidae,Cisticola chubbi,3,3,2,2539
476,Cisticolidae,Oreolais ruwenzori,4,4,1,2539
477,Cisticolidae,Cisticola chubbi,3,1,2,2524
477,Cisticolidae,Oreolais ruwenzori,4,4,1,2524
478,Cisticolidae,Cisticola chubbi,3,1,2,2590
478,Cisticolidae,Oreolais ruwenzori,4,3,1,2590
479,Cisticolidae,Apalis porphyrolaema,2,4,1,2622
479,Cisticolidae,Cisticola chubbi,3,4,2,2622
479,Cisticolidae,Oreolais ruwenzori,4,3,1,2622
480,Cisticolidae,Cisticola chubbi,3,2,2,2619
481,Cisticolidae,Oreolais ruwenzori,4,4,1,2623
482,Cisticolidae,Cisticola chubbi,3,2,2,2420
482,Cisticolidae,Oreolais ruwenzori,4,3,1,2420
484,Cisticolidae,Apalis porphyrolaema,2,3,1,2627
485,Cisticolidae,Cisticola chubbi,3,5,2,2640
486,Cisticolidae,Apalis porphyrolaema,2,4,1,2425
486,Cisticolidae,Oreolais ruwenzori,4,5,1,2425
487,Cisticolidae,Apalis porphyrolaema,2,3,1,2497
487,Cisticolidae,Cisticola chubbi,3,3,2,2497
487,Cisticolidae,Oreolais ruwenzori,4,4,1,2497
488,Cisticolidae,Cisticola chubbi,3,1,2,2526
491,Cisticolidae,Cisticola chubbi,3,3,2,2811
495,Cisticolidae,Cisticola chubbi,3,3,2,2609
495,Cisticolidae,Oreolais ruwenzori,4,2,1,2609
499,Cisticolidae,Cisticola chubbi,3,1,2,2642
501,Cisticolidae,Cisticola chubbi,3,3,2,2742
502,Cisticolidae,Oreolais ruwenzori,4,4,1,2904
503,Cisticolidae,Cisticola chubbi,3,4,2,2937
504,Cisticolidae,Apalis porphyrolaema,2,3,1,2982
504,Cisticolidae,Oreolais ruwenzori,4,5,1,2982
505,Cisticolidae,Cisticola chubbi,3,4,4,3069
505,Cisticolidae,Oreolais ruwenzori,4,5,1,3069
506,Cisticolidae,Oreolais ruwenzori,4,4,1,3174
508,Cisticolidae,Cisticola chubbi,3,2,2,2794
509,Cisticolidae,Apalis porphyrolaema,2,3,1,3317
512,Cisticolidae,Oreolais ruwenzori,4,4,1,2859
513,Cisticolidae,Apalis porphyrolaema,2,2,1,2773
513,Cisticolidae,Oreolais ruwenzori,4,1,1,2773
514,Cisticolidae,Apalis personata,1,3,1,2815
514,Cisticolidae,Apalis porphyrolaema,2,3,2,2815
515,Cisticolidae,Apalis personata,1,3,1,2953
515,Cisticolidae,Apalis porphyrolaema,2,3,1,2953
519,Cisticolidae,Apalis porphyrolaema,2,3,1,2884
